{
  "Author": "S.",
  "Compatibility": "Untested",
  "DefuserDifficulty": "Easy",
  "Description": "Press the letters to increase a counter. Use multipliers gained from the module lighting up to increase the counter faster.",
  "ExpertDifficulty": "Easy",
  "Ignore": [ "+FullBoss" ],
  "IsSemiBoss": true,
  "ModuleID": "OutOfTime",
  "MysteryModule": "MustNotBeHiddenOrKey",
  "Name": "Out of Time",
  "Origin": "Mods",
  "Published": "2021-05-29",
  "SortKey": "OUTOFTIME",
  "SourceUrl": "https://github.com/lotsofs/KTANE-Mods/tree/master/OutOfTime",
  "Souvenir": {
    "Explanation": "Souvenir could ask about the initial 5 letters on the display",
    "Status": "Considered"
  },
  "SteamID": "2500760550",
  "Symbol": "Oot",
  "Type": "Regular"
}