{
  "Author": "LotsOfS",
  "Compatibility": "Compatible",
  "DefuserDifficulty": "Medium",
  "Description": "Point the needle at the one correct angle out of the nine listed on the module.",
  "ExpertDifficulty": "Hard",
  "ModuleID": "Angles",
  "Name": "Angles",
  "Origin": "Mods",
  "Published": "2023-06-30",
  "SortKey": "ANGLES",
  "SourceUrl": "https://github.com/lotsofs/KTANE-Mods/tree/master/Angles",
  "Souvenir": {
    "Explanation": "Souvenir could ask about the 9 displays shown, or which was the solution",
    "Status": "Considered"
  },
  "SteamID": "2996852694",
  "Symbol": "Al",
  "Type": "Regular"
}